{
    "elabid": "Elabid1234",
    "group": "Group1",
    "Institute": "Institute1",
    "LastName": "Y",
    "experiments_links": [],
    "fields": {
      "Sample Length": {
        "ID": "http://w3id.org/pmd/co/OriginalGaugeLength",
        "type": "number",
        "unit": "MilliM",
        "value": "25.25",
        "position": 2,
        "description": "Length of the tapered section in mm",
        "blank_value_on_duplicate": true
      },
      "Sample Diameter": {
        "ID": "http://w3id.org/pmd/co/OriginalDiameter",
        "type": "number",
        "unit": "MilliM",
        "value": "5.1",
        "position": 2,
        "description": "Diameter of the tapered section in mm",
        "blank_value_on_duplicate": true
      },
      "Crosshead Separation Rate": {
        "ID": "https://w3id.org/pmd/co/CrossheadSeparationRate",
        "type": "number",
        "unit": "MilliM-PER-SEC",
        "value": "0.04",
        "position": 3,
        "description": "Crosshead speed in mm/s",
        "blank_value_on_duplicate": true
      },
      "Environmental Temperature": {
        "ID": "http://w3id.org/pmd/co/EnvironmentalTemperature",
        "type": "number",
        "unit": "DEG_C",
        "value": "24.4",
        "position": 3,
        "description": "Given in °C",
        "blank_value_on_duplicate": true
      }
    },
    "data_completeness": "complete"
  }
  